{"cameraMode":{"drawMode":0,"name":"Shaded","section":"Shading Mode"},"sceneLighting":true,"audioPlay":false,"sceneViewState":{"showFog":true,"showMaterialUpdate":false,"showSkybox":true,"showFlares":true,"showImageEffects":true,"showParticleSystems":true},"in2DMode":false,"pivot":{"x":-5.800687789916992,"y":16.746572494506837,"z":-11.957038879394532},"rotation":{"x":0.15867991745471955,"y":-0.054782792925834659,"z":0.008835848420858384,"w":0.9857889413833618},"size":4.125030517578125,"orthographic":true}