{"cameraMode":{"drawMode":0,"name":"Shaded","section":"Shading Mode"},"sceneLighting":true,"audioPlay":false,"sceneViewState":{"showFog":true,"showMaterialUpdate":false,"showSkybox":true,"showFlares":true,"showImageEffects":true,"showParticleSystems":true},"in2DMode":false,"pivot":{"x":-8.975471496582032,"y":-4.902540683746338,"z":11.30521011352539},"rotation":{"x":-0.1891784816980362,"y":0.19132310152053834,"z":-0.03767974302172661,"w":-0.9624500870704651},"size":30.641794204711915,"orthographic":false}