{"cameraMode":{"drawMode":0,"name":"Shaded","section":"Shading Mode"},"sceneLighting":true,"audioPlay":false,"sceneViewState":{"showFog":true,"showMaterialUpdate":false,"showSkybox":true,"showFlares":true,"showImageEffects":true,"showParticleSystems":true},"in2DMode":false,"pivot":{"x":-6.369999885559082,"y":12.140000343322754,"z":0.6700000762939453},"rotation":{"x":-0.24490685760974885,"y":0.2555312514305115,"z":-0.06740449368953705,"w":-0.9329399466514587},"size":8.332091331481934,"orthographic":true}