{"cameraMode":{"drawMode":0,"name":"Shaded","section":"Shading Mode"},"sceneLighting":false,"audioPlay":false,"sceneViewState":{"showFog":true,"showMaterialUpdate":false,"showSkybox":false,"showFlares":true,"showImageEffects":true,"showParticleSystems":true},"in2DMode":false,"pivot":{"x":0.09500002861022949,"y":1.0399999618530274,"z":-0.21785160899162293},"rotation":{"x":-0.11834652721881867,"y":0.08726384490728378,"z":-0.010733907110989094,"w":-0.9891747832298279},"size":2.815819501876831,"orthographic":true}