{"cameraMode":{"drawMode":0,"name":"Shaded","section":"Shading Mode"},"sceneLighting":true,"audioPlay":false,"sceneViewState":{"showFog":true,"showMaterialUpdate":false,"showSkybox":true,"showFlares":true,"showImageEffects":true,"showParticleSystems":true},"in2DMode":false,"pivot":{"x":-6.000000953674316,"y":12.75,"z":-7.152557373046875e-7},"rotation":{"x":-0.10473734140396118,"y":-0.08751889318227768,"z":0.008933178149163723,"w":-0.990700364112854},"size":4.125005722045898,"orthographic":true}