{"cameraMode":{"drawMode":0,"name":"Shaded","section":"Shading Mode"},"sceneLighting":true,"audioPlay":false,"sceneViewState":{"showFog":true,"showMaterialUpdate":false,"showSkybox":true,"showFlares":true,"showImageEffects":true,"showParticleSystems":true},"in2DMode":false,"pivot":{"x":302.54144287109377,"y":320.7591552734375,"z":-0.0453643798828125},"rotation":{"x":0.03009258769452572,"y":0.22860851883888246,"z":0.007009462919086218,"w":-0.9730920791625977},"size":268.6005859375,"orthographic":false}