{"cameraMode":{"drawMode":0,"name":"Shaded","section":"Shading Mode"},"sceneLighting":true,"audioPlay":false,"sceneViewState":{"showFog":true,"showMaterialUpdate":false,"showSkybox":true,"showFlares":true,"showImageEffects":true,"showParticleSystems":true},"in2DMode":false,"pivot":{"x":-3.9677746295928957,"y":12.745244026184082,"z":-0.0005515813827514648},"rotation":{"x":0.18818598985671998,"y":-0.09414210915565491,"z":0.01812642626464367,"w":0.9774541854858398},"size":4.125062465667725,"orthographic":true}