{"cameraMode":{"drawMode":0,"name":"Shaded","section":"Shading Mode"},"sceneLighting":true,"audioPlay":false,"sceneViewState":{"showFog":true,"showMaterialUpdate":false,"showSkybox":true,"showFlares":true,"showImageEffects":true,"showParticleSystems":true},"in2DMode":false,"pivot":{"x":-8.02702808380127,"y":12.577522277832032,"z":-0.6122146844863892},"rotation":{"x":0.0986822247505188,"y":0.5094415545463562,"z":-0.05894485488533974,"w":0.8528091907501221},"size":2.8158187866210939,"orthographic":true}