{"cameraMode":{"drawMode":0,"name":"Shaded","section":"Shading Mode"},"sceneLighting":true,"audioPlay":false,"sceneViewState":{"showFog":true,"showMaterialUpdate":false,"showSkybox":true,"showFlares":true,"showImageEffects":true,"showParticleSystems":true},"in2DMode":false,"pivot":{"x":-12.37034797668457,"y":9.260002136230469,"z":0.6220970153808594},"rotation":{"x":-0.1717972457408905,"y":0.42413145303726199,"z":-0.08241070061922074,"w":-0.8854116201400757},"size":78.04964447021485,"orthographic":false}